"","genotype","mu"
"1","13B-587-68A","su1"
"2","14H-588-68B","su1"
"3","176","su1"
"4","197A-381-68A","su1"
"5","2","su1"
"6","21-396-68B","su1"
"7","226","su1"
"8","245","su1"
"9","257A9",NA
"10","34f","sh2"
"11","442A-431-68D","su1"
"12","469","su1"
"13","471_U6","su1"
"14","592","su1"
"15","789","su1"
"16","81-1","su1"
"17","83610b","su1"
"18","83612b","su1"
"19","908","su1"
"20","A10579",NA
"21","A15",NA
"22","A632_sh2sh2","sh2"
"23","A632_susu","su1"
"24","A648","su1"
"25","A684su","su1"
"26","A685su","su1"
"27","A686su","su1"
"28","A7",NA
"29","ARZM_16_011","su1"
"30","ARZM_19_051","su1"
"31","ARZM_19_057","su1"
"32","ARZM_19_069","su1"
"33","ARZM_20_005","su1"
"34","ARZM_20_006","su1"
"35","ARZM_21_002","su1"
"36","ARZM_21_006","su1"
"37","ARZM_21_007","su1"
"38","ARZM_21_008","su1"
"39","ARZM_21_009","su1"
"40","ARZM_21_013","su1"
"41","ARZM_21_014",NA
"42","ARZM_21_018","su1"
"43","AS11","su1"
"44","AS12","su1"
"45","Amarillo_dulce","su1"
"46","Andjar_Bekaa","su1"
"47","Atkinson","su1"
"48","Aunt_Marys","su1"
"49","B5765","su1"
"50","B5870","su1"
"51","B84_plus_su","su1"
"52","Banting","su1"
"53","Baxters_Golden_Bantam","su1"
"54","Bi_10",NA
"55","Black_Mexican","su1"
"56","Burnell_Golden_Bantam","su1"
"57","C12-1","su1"
"58","C13","su1"
"59","C15","su1"
"60","C1540",NA
"61","C18","su1"
"62","C2",NA
"63","C22","su1"
"64","C23_su","su1"
"65","C27","su1"
"66","C27red","su1"
"67","C3","su1"
"68","C30","su1"
"69","C38","su1"
"70","C4","su1"
"71","C40","su1"
"72","C42","su1"
"73","C5","su1"
"74","C65","su1"
"75","C68","su1"
"76","C68Rx552_63","su1"
"77","C6A","su1"
"78","C7","su1"
"79","C7e","su1"
"80","C81","su1"
"81","C8pseudo","su1"
"82","C90","su1"
"83","CHZM_08_129","su1"
"84","CI540",NA
"85","COES25A-1","sh2"
"86","COES28A-1","sh2"
"87","COES46A-1","sh2"
"88","CRC_61","su1"
"89","CTS62_Su",NA
"90","CTS6_1",NA
"91","Chihuahua_151","su1"
"92","Chile_332","su1"
"93","Chile_335","su1"
"94","Chile_339","su1"
"95","Country_Gentleman","su1"
"96","Cubano","su1"
"97","Cuzco_suse","su1"
"98","DF14",NA
"99","Doce_de_Cuba","su1"
"100","EP58","su1"
"101","EP60","su1"
"102","EP61","su1"
"103","EP62","su1"
"104","EP82","su1"
"105","EP83","su1"
"106","EP84","sh2"
"107","EP85","sh2"
"108","Early_Evergreen","su1"
"109","Early_June","su1"
"110","Eskisehir","su1"
"111","F2",NA
"112","F7",NA
"113","FL32","sh2"
"114","FL52","sh2"
"115","G8","su1"
"116","GMBAB","su1"
"117","GSSS_sh2","sh2"
"118","GTS1","su1"
"119","Glancaster_sh2","sh2"
"120","Golden_Bantam","su1"
"121","Golden_Bantam_WI","su1"
"122","Golden_Evergreen","su1"
"123","Golden_Gem","su1"
"124","Golden_Giant","su1"
"125","Guanajuato_93","su1"
"126","HI70",NA
"127","HI74",NA
"128","HI76",NA
"129","HI78",NA
"130","HI79",NA
"131","HI81",NA
"132","HI82","su1"
"133","HawaiiSugar","su1"
"134","Hawaiian_Sugar","su1"
"135","Hayes_White_Sweet","su1"
"136","Hi38",NA
"137","Hi38C1",NA
"138","HiBTSYN3",NA
"139","HotevillaAzwhitesweetcorn_1","su1"
"140","Howling_Mob","su1"
"141","I108-2-2-2-2-1-1-1","sh2"
"142","I112-1-1-2-1-1-1-","sh2"
"143","I136-1-1-1-1-1","sh2"
"144","I152-1-1-1-1-2-1-1","both"
"145","I182-1-2-1-1-1-1","sh2"
"146","I22-1-1-1-1-1-1","sh2"
"147","I237-1-2-1-1-1-1-1","sh2"
"148","I31-1-1-1-2-1-1","sh2"
"149","I45","su1"
"150","I58-1-2-2-1-1-1","sh2"
"151","I817","su1"
"152","I9-1-1-1-1-1-1","both"
"153","I94-1-1-1-1-1-1-1","sh2"
"154","I97-1-1-1-1-1-1","sh2"
"155","IA2132","su1"
"156","IL103a","su1"
"157","IL104g","su1"
"158","IL110K","su1"
"159","IL112t","su1"
"160","IL1171","su1"
"161","IL11D","su1"
"162","IL124a","both"
"163","IL125a","su1"
"164","IL13B","su1"
"165","IL14C","su1"
"166","IL14H","su1"
"167","IL18b","su1"
"168","IL200e","su1"
"169","IL21f","su1"
"170","IL279AxRp1d","su1"
"171","IL27a","su1"
"172","IL303b","su1"
"173","IL318a","su1"
"174","IL31a","su1"
"175","IL325a","su1"
"176","IL328a","su1"
"177","IL354a","su1"
"178","IL366a","su1"
"179","IL368a","su1"
"180","IL369b","su1"
"181","IL370a","su1"
"182","IL393a","su1"
"183","IL395a","su1"
"184","IL430a","su1"
"185","IL442a","su1"
"186","IL44b","su1"
"187","IL451b","su1"
"188","IL453b","su1"
"189","IL454a","su1"
"190","IL465a","su1"
"191","IL47A","su1"
"192","IL515a","su1"
"193","IL543c","su1"
"194","IL545","su1"
"195","IL557a","su1"
"196","IL607a","su1"
"197","IL611a","su1"
"198","IL615a","su1"
"199","IL618b","su1"
"200","IL661a","su1"
"201","IL671a","su1"
"202","IL673a","su1"
"203","IL677a","su1"
"204","IL678a","su1"
"205","IL689a","su1"
"206","IL692c","su1"
"207","IL696a","su1"
"208","IL699e","su1"
"209","IL701e","su1"
"210","IL707a","su1"
"211","IL713a","su1"
"212","IL729a","su1"
"213","IL733a","su1"
"214","IL744a","su1"
"215","IL747b","su1"
"216","IL751a","su1"
"217","IL755a","su1"
"218","IL757b","su1"
"219","IL761a","su1"
"220","IL764b","su1"
"221","IL765a","su1"
"222","IL766a","su1"
"223","IL767b","su1"
"224","IL772a","su1"
"225","IL773a","su1"
"226","IL776a","su1"
"227","IL777a","su1"
"228","IL778c","su1"
"229","IL778d","su1"
"230","IL779a","su1"
"231","IL788a","su1"
"232","IL789b","su1"
"233","IL793a","su1"
"234","IL794a","su1"
"235","IL795a","su1"
"236","IL796a","su1"
"237","IL797a","su1"
"238","IL798c","su1"
"239","IL799b","su1"
"240","IL800a","su1"
"241","IL801a","su1"
"242","IL802b_Ht2","su1"
"243","IL803a","su1"
"244","IL804aHTN","su1"
"245","IL86e","su1"
"246","IL91j","su1"
"247","ILB5765","su1"
"248","ILB5870","su1"
"249","ILB6011","su1"
"250","IP39","su1"
"251","Ia2003","su1"
"252","Ia2076","su1"
"253","Ia2256","su1"
"254","Ia2730","su1"
"255","Ia4189","su1"
"256","Ia453WT",NA
"257","Ia453sh2","sh2"
"258","Ia453su1","su1"
"259","Ia45_1","su1"
"260","Ia45_2","su1"
"261","Ia45_3","su1"
"262","Ia5125","su1"
"263","Ia5125B","su1"
"264","Ia5145","su1"
"265","Ia5220","su1"
"266","Ia5261","su1"
"267","Ia59","su1"
"268","IaEV3002","su1"
"269","IaEV3004","su1"
"270","IaEv191","su1"
"271","If825","sh2"
"272","If853","sh2"
"273","Il101T","su1"
"274","Ill101Q","su1"
"275","Ind_5817","sh2"
"276","Jubileeex9017","su1"
"277","K1-1-1-1-1-1-2-1-1-1","sh2"
"278","K104-1","sh2"
"279","K113-2-1-2-1-1","sh2"
"280","K115-11-1-1-1-1-1-1B-1","sh2"
"281","K120-1-1-1-1-1-2-1","sh2"
"282","K127-1-1-1-2-1-1-1-1","sh2"
"283","K15-1(X9)","sh2"
"284","K164-1-1-1-1-1","sh2"
"285","K169-1-1-1-2-2","sh2"
"286","K192-1-1-1-1-1-1-1","sh2"
"287","K43-1-1-1-1-1-1-1","sh2"
"288","K52-2-1-1-1-1","sh2"
"289","K88-2-1(x4)-2-1","su1"
"290","L108-1-1-1-1-1-1","sh2"
"291","L108-2-1-1","sh2"
"292","L125-1-1-1","sh2"
"293","L17-1-1-1-1-1","sh2"
"294","L185-1-1-1-1-3-1","sh2"
"295","L25-1-1-1-1-1","sh2"
"296","L48-1-1-1-1-1","sh2"
"297","Late_Mammoth","su1"
"298","Luther_Hill","su1"
"299","M126-1-1-1-2-2-3-1-2-1","both"
"300","M23","su1"
"301","M31-1-1-1-1-1-1","sh2"
"302","M5","su1"
"303","M6388",NA
"304","M6411",NA
"305","M6421",NA
"306","M822","su1"
"307","M90-1-1-1-2-2-1-1","sh2"
"308","MDM-1","su1"
"309","MDM_1","su1"
"310","MDM-5","su1"
"311","MDM_12","su1"
"312","MDM_15","su1"
"313","MDM_16","su1"
"314","MDM_18","su1"
"315","MDM_19","su1"
"316","MDM_2","su1"
"317","MDM_20","su1"
"318","MDM_21","su1"
"319","MDM_23","su1"
"320","MDM_6","su1"
"321","MDM_8","su1"
"322","MDM_9","su1"
"323","MR10",NA
"324","MR14","su1"
"325","MSR_su","su1"
"326","Ma2402","su1"
"327","Ma32","su1"
"328","Ma401","su1"
"329","Ma5125","su1"
"330","Ma83608","su1"
"331","Maiz_Amarilla_Evergreen","su1"
"332","Me1","su1"
"333","Me100","su1"
"334","Me121Wa","su1"
"335","Me121_wb","su1"
"336","Me123","su1"
"337","Me135","su1"
"338","Me2","su1"
"339","Me244Wa","su1"
"340","Me244Wb","su1"
"341","Me2rt","su1"
"342","Mexican_Dent_sh2","sh2"
"343","Millersburg_Red_Sweet_No2","su1"
"344","Mo17su_su","su1"
"345","Moencopi_Pueblo","su1"
"346","N11-1-2-1-1-1-1-1-1-1","sh2"
"347","N120-1-X-1-1-1-1-1-3","both"
"348","N12A-1","both"
"349","N132A-1","sh2"
"350","N142A-1","sh2"
"351","N38-2-1-1-1-1-1-1","sh2"
"352","N45A-1","both"
"353","N46A-1","sh2"
"354","N72A-1","sh2"
"355","N7C-1","both"
"356","N99-1-1-1-1-1-1-1","sh2"
"357","ND1","su1"
"358","NE_EDR_sh2","both"
"359","NE_HY_13A","su1"
"360","NJ112","su1"
"361","NJ116Wa","su1"
"362","NJ116Wb","su1"
"363","NJ159","su1"
"364","NJ618","su1"
"365","NJ7Y","su1"
"366","Narino_430","su1"
"367","No_156","su1"
"368","No_1577","su1"
"369","North_Dakota_Yellow_Sweet_Bulk","su1"
"370","Northrup_King_Strain9316","su1"
"371","Nueta","su1"
"372","Nueta_Sweet_Corn","su1"
"373","OH43_sh2","sh2"
"374","Oh43_su","su1"
"375","Olcott","su1"
"376","Oregon_Evergreen-2","su1"
"377","P35","su1"
"378","P39","su1"
"379","P39Goodman-Buckler","su1"
"380","P39M96","su1"
"381","P39xRp1d","su1"
"382","P51","su1"
"383","P51wx","su1"
"384","P51xRp1d","su1"
"385","P737M20","su1"
"386","PAIA_453",NA
"387","Pease_Crosby_Sweet_Corn","su1"
"388","R839","sh2"
"389","R851","sh2"
"390","R853","sh2"
"391","Ranniaya_Zolotaya_401","su1"
"392","Raza_Maiz_Dulce",NA
"393","Red_NCLB","su1"
"394","Rhode_Island_Sweet","su1"
"395","S4","su1"
"396","S43","su1"
"397","S8","su1"
"398","SC1441","sh2"
"399","SC6069","sh2"
"400","SD176","su1"
"401","SD226","su1"
"402","SD277","su1"
"403","SD42","su1"
"404","SD469","su1"
"405","SD592","su1"
"406","SD789","su1"
"407","SD829","su1"
"408","SD883","su1"
"409","SD884","su1"
"410","SD908","su1"
"411","SD909","su1"
"412","STRAIN11D-586-68A","su1"
"413","STRAIN18B-5-69","su1"
"414","STRAIN304A-408-68B","su1"
"415","STRAIN451B-4-68B","su1"
"416","STRAIN675A-415-68B","su1"
"417","STRAINT20-2-68B","su1"
"418","STRAINT24-395-68B","su1"
"419","STRAINT32-397-68B","su1"
"420","STRAINT33-399-68B","su1"
"421","STRAINT35-388-68A","su1"
"422","STRAINT36101T-394-68","su1"
"423","SYN2sh2","sh2"
"424","Selection_from_231227","su1"
"425","Separation_from_170882",NA
"426","Separation_from_177107","su1"
"427","Separation_from_177589","su1"
"428","Separation_from_177642","su1"
"429","Separation_from_183739","su1"
"430","Separation_from_183742","su1"
"431","Separation_from_204812","su1"
"432","Separation_from_212335","su1"
"433","Sh2-m1_plus",NA
"434","Silver_9",NA
"435","Slatka_Pukanka","su1"
"436","Sonora_108","su1"
"437","Sonora_124","su1"
"438","Sonora_22","su1"
"439","Sonora_57","su1"
"440","Stowels_Evergreen","su1"
"441","Strain_T32_397_68r","su1"
"442","Sunshine","su1"
"443","T625","su1"
"444","T64S","su1"
"445","Tesuque_Pueblo",NA
"446","UFI2EDbt1-1","sh2"
"447","UFI9EC","sh2"
"448","V775","sh2"
"449","V781","su1"
"450","VIA5492","su1"
"451","VIII_221","su1"
"452","Vineland576","su1"
"453","W22wx1",NA
"454","W23ae1",NA
"455","W3607","su1"
"456","W3647","su1"
"457","W3722","su1"
"458","W3742","su1"
"459","W5543","su1"
"460","W5552","su1"
"461","W5579","su1"
"462","W6366","su1"
"463","W6462","su1"
"464","W64A",NA
"465","W64Abt2",NA
"466","W64Asu2",NA
"467","W6714","su1"
"468","W6720-1","su1"
"469","W6720_2","su1"
"470","W6728","su1"
"471","W6757","su1"
"472","W6786","su1"
"473","W7151","su1"
"474","W822Gse","su1"
"475","W85",NA
"476","WMT","both"
"477","WVG3","su1"
"478","We01407","su1"
"479","We02404","su1"
"480","We02406","su1"
"481","We02412","both"
"482","We03418a","su1"
"483","We04401","su1"
"484","We05401","su1"
"485","We05408","su1"
"486","We05411","su1"
"487","We06409a","su1"
"488","We06410","su1"
"489","We17401","su1"
"490","We17421","su1"
"491","West_Brookfield_white_sweet","su1"
"492","Wh00033","sh2"
"493","Wh00050","sh2"
"494","Wh00051","sh2"
"495","Wh01001","sh2"
"496","Wh09087","sh2"
"497","Wh10804R","su1"
"498","Wh14022A","both"
"499","Wh14100V","sh2"
"500","Wh14201N","sh2"
"501","Wh16012","sh2"
"502","Wh16015B","sh2"
"503","Wh17031R","su1"
"504","Wh17048V","sh2"
"505","Wh17070V","sh2"
"506","Wh9261","sh2"
"507","Wh93006","sh2"
"508","Wh93016","sh2"
"509","Wh93017","sh2"
"510","Wh94053","sh2"
"511","Wh95016a","sh2"
"512","Wh96011","sh2"
"513","Wh96015","sh2"
"514","Wh96034","sh2"
"515","Wh98044","sh2"
"516","Wh98063","sh2"
"517","Whipples_White","su1"
"518","Whipples_Yellow","su1"
"519","Wu00801","su1"
"520","Wu00802","su1"
"521","Wu99811","su1"
"522","Wu99823","su1"
"523","Wuh07183i","sh2"
"524","Wuh09188i","both"
"525","Z07_001","su1"
"526","Z07_002","su1"
"527","Z07_003","su1"
"528","ZapaloteChico","sh2"
"529","Zarya123","su1"
"530","we04806","su1"
"531","we04819","su1"
"532","we05407","su1"
"533","we05410","su1"
"534","we07403a","su1"
"535","we08405","su1"
"536","we08414a","su1"
"537","we08417a","su1"
"538","we08424","su1"
"539","we09402","su1"
"540","we09425","su1"
"541","we10401","su1"
"542","we1095407-2","su1"
"543","we11401","su1"
"544","we11405","su1"
"545","we11408","su1"
"546","we11416","su1"
"547","we12401","su1"
"548","wh03031","sh2"
"549","wh04020a","both"
"550","wh04036VW","sh2"
"551","wh05032a1","sh2"
"552","wh05051","sh2"
"553","wh05066a","sh2"
"554","wh05070a","sh2"
"555","wh07020a","sh2"
"556","wh07029","sh2"
"557","wh07051","sh2"
"558","wh07061a","sh2"
"559","wh07061b","sh2"
"560","wh07165R","sh2"
"561","wh07166R","sh2"
"562","wh08022","sh2"
"563","wh08039","sh2"
"564","wh08042","sh2"
"565","wh08045","sh2"
"566","wh08092","sh2"
"567","wh08114","sh2"
"568","wh09009","sh2"
"569","wh09033","sh2"
"570","wh09083","sh2"
"571","wh09086","sh2"
"572","wh09117R","sh2"
"573","wh09126R","sh2"
"574","wh09137R","sh2"
"575","wh09141R","sh2"
"576","wh10006R","both"
"577","wh10034R","sh2"
"578","wh10040R","sh2"
"579","wh10046R","sh2"
"580","wh10049R","sh2"
"581","wh10052Ra","sh2"
"582","wh10057R","sh2"
"583","wh10062R","sh2"
"584","wh10067R","sh2"
"585","wh10068R","sh2"
"586","wh10070R","sh2"
"587","wh10088R","sh2"
"588","wh10090R","sh2"
"589","wh10105R","sh2"
"590","wh10113R","sh2"
"591","wh10127R","sh2"
"592","wh10135R","sh2"
"593","wh10137R","sh2"
"594","wh10140R","sh2"
"595","wh10163","sh2"
"596","wh10173V","sh2"
"597","wh10216V","sh2"
"598","wh10231V","sh2"
"599","wh11005","sh2"
"600","wh11008","sh2"
"601","wh11017a","sh2"
"602","wh12001","sh2"
"603","wh12004","sh2"
"604","wh12005","sh2"
"605","wh12008","sh2"
"606","wh12014","sh2"
"607","wh12048V","sh2"
"608","wh13022A","sh2"
"609","wh13040","sh2"
"610","wh13041","sh2"
"611","wh13048","both"
"612","wh13053","sh2"
"613","wh13063A","sh2"
"614","wh13064","sh2"
"615","wh14022B","both"
"616","wh14082V","sh2"
"617","wh14101V","sh2"
"618","wh14102V","sh2"
"619","wh14113V","sh2"
"620","wh14202N","sh2"
"621","wh14210N","sh2"
"622","wh92047","sh2"
"623","wu07812","su1"
"624","wu10802R","su1"
"625","wu10804R","su1"
"626","wuh07177i","sh2"
"627","wuh07182i","sh2"
"628","wuh07186i","sh2"
"629","wuh07422i","both"
"630","wuh07428i","su1"
"631","wuh07429i","both"
"632","wuh07466i","both"
"633","wuh07469i","both"
"634","wuh07481i","both"
"635","wuh07492i","sh2"
"636","wuh08127ia","both"
"637","wuh09093i","both"
"638","wuh09097i","both"
"639","wuh09098i","both"
"640","wuh09144i","both"
"641","wuh09149i","both"
"642","wuh09150i","both"
"643","wuh09153i","both"
"644","wuh09164i","both"
"645","wuh09170i","both"
"646","wuh09174i","both"
"647","wuh09183i","both"
"648","wuh09191i","both"
"649","wuh11801i","both"
"650","wuh11809i","both"
"651","wuh11810i","both"
"652","wuh11811i","su1"
"653","wuh11812i","su1"
"654","wuh11813i","both"
"655","wuh11816i","both"
"656","wuh12018i","sh2"
"657","wuh12019i","both"
"658","wuh12027i","su1"
"659","wuh12035i","su1"
"660","wuh12037i","both"
"661","wuh12039i","both"
"662","wuh98032","sh2"
